tool,samples,pass_rate,mean_runtime_s,median_runtime_s,p90_runtime_s,max_runtime_s,mean_contamination_rate,mean_classified_fraction,mean_unclassified_fraction,slowdown_vs_fastest_median
centrifuge,20,1.000000,11.463890,4.015754,28.875467,33.107019,0.000000,0.000000,0.000000,2.885583
kaiju,20,1.000000,9.237776,2.874229,24.782390,26.600085,0.000000,0.000000,0.000000,2.065322
kraken2,20,1.000000,3.710462,1.391661,8.923464,10.620655,0.000000,0.000000,1.000000,1.000000
krakenuniq,20,1.000000,10.025827,2.622492,29.536392,53.398239,0.000000,0.000000,1.000000,1.884432
