tool,samples,pass_rate,mean_runtime_s,median_runtime_s,p90_runtime_s,max_runtime_s,slowdown_vs_fastest_median
fastq_scan,20,1.000000,8.951575,2.969642,26.410180,28.416636,1.000000
fastqc,20,1.000000,21.954532,9.418650,51.865175,55.633553,3.171645
fastqvalidator,20,1.000000,12.476188,3.923331,34.754999,38.041932,1.321146
fqtools,20,1.000000,9.981052,3.174275,28.667469,31.062775,1.068908
seqtk,20,1.000000,9.145056,2.977720,26.948307,29.431539,1.002720
