tool,samples,pass_rate,mean_runtime_s,median_runtime_s,p90_runtime_s,max_runtime_s,slowdown_vs_fastest_median
fastq_scan,20,1.000000,3.803368,0.321465,15.765124,17.005748,1.000000
fastqc,20,1.000000,12.911198,2.857803,48.257663,51.605683,8.889930
fastqvalidator,20,1.000000,3.877359,0.329252,15.924173,18.162013,1.024222
fqtools,20,1.000000,3.838768,0.331779,15.963644,17.179532,1.032085
seqtk,20,1.000000,3.816237,0.338126,15.718167,17.077980,1.051828
