tool,samples,pass_rate,mean_runtime_s,median_runtime_s,p90_runtime_s,max_runtime_s,median_merge_rate,median_base_retention,mean_reads_merged,slowdown_vs_fastest_median
adapterremoval,10,1.000000,45.558182,19.118709,116.751151,128.952212,0.873127,0.324852,1040046.900000,1.880700
bbmerge,10,1.000000,59.864889,55.429714,107.384984,136.726402,0.566983,0.262530,425296.900000,5.452601
flash2,10,1.000000,13.233518,12.106957,25.228388,26.482323,0.530556,0.209458,715652.200000,1.190957
leehom,10,1.000000,144.068493,85.728006,342.872304,364.917435,0.401693,0.143002,637122.400000,8.433033
pear,10,1.000000,74.311424,72.144498,132.493624,173.431331,0.211299,0.123236,245063.300000,7.096828
vsearch,10,1.000000,13.595106,10.165738,28.240324,30.828600,0.121243,0.069703,187280.800000,1.000000
