tool,records,pass_rate,median_runtime_s,median_merge_rate,median_base_retention,mean_reads_merged
adapterremoval,10,1.0,19.1187085955,0.8731265,0.32485194982677673,1040046.9
bbmerge,10,1.0,55.429713681,0.5669835,0.2625296746584816,425296.9
flash2,10,1.0,12.1069572315,0.530556,0.20945840697956286,715652.2
leehom,10,1.0,85.728006487,0.4016925,0.14300183819289225,637122.4
pear,10,1.0,72.144497855,0.211299,0.12323570934861405,245063.3
vsearch,10,1.0,10.1657380725,0.1212425,0.0697027538305391,187280.8
