tool,samples,pass_rate,mean_runtime_s,median_runtime_s,p90_runtime_s,max_runtime_s,slowdown_vs_fastest_median,median_sequence_count,median_flagged_sequences,median_top_fraction
fastq_scan,20,1.000000,2.346700,1.258968,4.390265,9.419289,1.000000,50.000000,0.000000,0.001867
fastqc,20,1.000000,15.601411,7.089300,33.585553,42.574446,5.631038,50.000000,0.000000,0.001867
seqkit,20,1.000000,5.121689,1.961489,13.421359,14.815811,1.558012,50.000000,0.000000,0.001867
