tool,samples,pass_rate,mean_runtime_s,median_runtime_s,p90_runtime_s,max_runtime_s,slowdown_vs_fastest_median,median_base_retention,median_read_retention,mean_reads_dropped,mean_reads_removed_low_complexity,mean_reads_removed_by_n,mean_q_delta
bbduk,20,1.000000,6.274472,3.445475,12.426448,23.792765,2.780076,1.000000,1.000000,0.000000,0.000000,0.000000,0.000000
fastp,20,1.000000,5.972450,4.149595,9.979643,19.094294,3.348213,0.919536,0.952273,284465.700000,0.000000,1265.350000,0.000000
prinseq,20,1.000000,4.236277,1.961958,8.333688,15.949349,1.583059,1.000000,1.000000,0.000000,0.000000,0.000000,0.000000
seqkit,20,1.000000,2.248111,1.239346,4.272740,8.910753,1.000000,1.000000,1.000000,0.000000,0.000000,0.000000,0.000000
