tool,samples,pass_rate,mean_runtime_s,median_runtime_s,p90_runtime_s,max_runtime_s,median_base_retention,mean_bases_trimmed_polyg,mean_q_delta,slowdown_vs_fastest_median
bbduk,20,1.000000,7.512455,4.037974,14.297418,29.075417,0.999961,101119.800000,0.000000,1.000000
fastp,20,1.000000,9.971837,5.998137,21.166388,24.123736,0.920201,34937548.500000,0.000000,1.485432
