tool,samples,pass_rate,mean_runtime_s,median_runtime_s,p90_runtime_s,max_runtime_s,median_base_retention,mean_bases_trimmed_polyg,mean_q_delta,slowdown_vs_fastest_median
bbduk,20,1.000000,6.078818,3.190873,12.029625,23.479593,0.999961,101119.800000,0.000000,1.000000
fastp,20,1.000000,8.851182,5.536308,17.993135,20.187167,0.920201,34937548.500000,0.000000,1.735045
