tool,samples,pass_rate,mean_runtime_s,median_runtime_s,p90_runtime_s,max_runtime_s,median_base_retention,median_read_retention,mean_q_delta,slowdown_vs_fastest_median
adapterremoval,20,1.000000,9.219558,3.197634,23.734996,28.533158,0.979660,0.998298,0.000000,2.629030
atropos,20,1.000000,101.469363,24.170138,243.310945,319.493249,1.000000,1.000000,0.000000,19.872204
bbduk,20,1.000000,6.214206,3.198807,12.106799,24.614470,1.000000,1.000000,0.000000,2.629995
cutadapt,20,1.000000,18.585585,5.793700,50.680418,56.522837,1.000000,1.000000,0.000000,4.763464
fastp,20,1.000000,9.054882,5.522648,18.561679,23.123263,0.917645,0.948461,0.000000,4.540611
prinseq,20,1.000000,5.865791,2.013256,14.938849,16.333560,1.000000,1.000000,0.000000,1.655259
seqkit,20,1.000000,3.085749,1.216279,7.260689,9.046041,1.000000,1.000000,0.000000,1.000000
trim_galore,20,1.000000,63.472226,20.104137,166.890609,189.834565,1.000000,1.000000,0.000000,16.529220
trimmomatic,20,1.000000,44.983545,16.224902,107.191428,135.364846,1.000000,1.000000,0.000000,13.339790
